{"cameraMode":{"drawMode":0,"name":"Shaded","section":"Shading Mode"},"sceneLighting":true,"audioPlay":false,"sceneViewState":{"m_AlwaysRefresh":false,"showFog":true,"showSkybox":true,"showFlares":true,"showImageEffects":true,"showParticleSystems":true,"showVisualEffectGraphs":true,"m_FxEnabled":true},"in2DMode":false,"pivot":{"x":1.0840750932693482,"y":1.4431719779968262,"z":0.6243548393249512},"rotation":{"x":-0.36688175797462466,"y":0.07215294241905213,"z":-0.028451373800635339,"w":-0.9271135330200195},"size":5.3860931396484379,"orthographic":false}